,sigmaBel1,sigmaBel2,DeltaSigmaBel
0,4.996325667929641,2.0317946074695747,-2.9645310604600663
1,0.003557676326672607,0.02659960417804523,0.026953540701391155
