,sigmaBel1,sigmaBel2,DeltaSigmaBel
0,4.938019046433432,2.7219506245341365,-2.216068421899295
1,0.06912215767006435,0.041459753389870804,0.033984789011183326
